2022-05-23T07-42-39,90630,Rite Aid 05500,NLP,NLP,NLP,5,05/22/2022 12:00:00 AM
2022-05-23T07-42-39,90630,Rite Aid 05500,NLP,NLP,NLP,5,05/22/2022 12:00:00 AM
2022-05-23T07-42-39,90630,Rite Aid 05500,NLP,NLP,NLP,5,05/22/2022 12:00:00 AM
2022-05-23T07-42-39,90630,Rite Aid 05500,NLP,NLP,NLP,5,05/22/2022 12:00:00 AM
2022-05-23T07-42-39,90630,Rite Aid 05500,NLP,NLP,NLP,5,05/22/2022 12:00:00 AM
2022-05-23T07-42-39,90630,Rite Aid 05500,NLP,NLP,NLP,5,05/22/2022 12:00:00 AM
2022-05-23T07-42-39,90630,Rite Aid 05500,NLP,NLP,NLP,5,05/22/2022 12:00:00 AM
2022-05-23T07-42-39,90630,Rite Aid 05500,NLP,NLP,NLP,5,05/22/2022 12:00:00 AM
2022-05-23T07-42-39,90630,Rite Aid 05500,NLP,NLP,NLP,5,05/22/2022 12:00:00 AM
2022-05-23T07-42-39,90630,Rite Aid 05500,NLP,NLP,NLP,5,05/22/2022 12:00:00 AM
